Business.Name,NAISC,Specific Industry,Industry
Savage Services Corporation,488210,Support Activities for Rail Transportation,Freight
Cardinal Health,424210,Drugs and Druggists' Sundries Merchant Wholesalers,Healthcare
"Kimrad Transport, LP",484220,"Specialized Freight (except Used Goods) Trucking, Local",Freight
Coast Packing Company,311613,Rendering and Meat Byproduct Processing,Food
IST,541512,Computer Systems Design Services,IT
Kroger Central Fill,445110,Supermarkets and Other Grocery (except Convenience) Stores,Retail
"APEKS, LLC",333999,All Other Miscellaneous General Purpose Machinery Manufacturing,Manufacturing
Gallo Asti Winery,312130,Wineries,Food
Goodwill Central Texas,624310,Vocational Rehabilitation Services,Social Services
Davis Ulmer,238220,"Plumbing, Heating, and Air-Conditioning Contractors",Construction
TLS Farm Services of East Texas LLC,115112,"Soil Preparation, Planting, and Cultivating",Farming
FedEx - LINEHAUL,492110,Couriers and Express Delivery Services,Freight
Chemical Dynamics Inc,325320,Pesticide and Other Agricultural Chemical Manufacturing,Manufacturing
Pearce Renewables,221118,Other Electric Power Generation,Energy
Curio Wellness,325411,Medicinal and Botanical Manufacturing,Healthcare
DOLLAR TREE DISTRIBUTION CENTER,493110,General Warehousing and Storage,Storage
Oakley Transport,484230,"Specialized Freight (except Used Goods) Trucking, Long-Distance",Freight
Savage Co.,488210,Support Activities for Rail Transportation,Freight
Houff Corporation,484220,"Specialized Freight (except Used Goods) Trucking, Local",Freight
James Hogue Enterprises LLC,484110,"General Freight Trucking, Local",Freight
On Track Trucking Inc,484110,"General Freight Trucking, Local",Freight
PEARSON SALES COMPANY INC.,423990,Other Miscellaneous Durable Goods Merchant Wholesalers,Wholesale
Kroger Mountain View Foods,445110,Supermarkets and Other Grocery (except Convenience) Stores,Retail
Zulu 24 Inc.,541512,Computer Systems Design Services,IT
Amalie Oil Company,324191,Petroleum Lubricating Oil and Grease Manufacturing,Manufacturing
High Desert Milk,311511,Fluid Milk Manufacturing,Food
Linwood Trading Inc,424480,Fresh Fruit and Vegetable Merchant Wholesalers,Food
RIEY FIRE PROTECTION,238220,"Plumbing, Heating, and Air-Conditioning Contractors",Construction
LIQUID BULK SERVICES,488999,All Other Support Activities for Transportation,Freight
Hydro Solutions,221310,Water Supply and Irrigation Systems,Utilities
Cascade Cheese,311513,Cheese Manufacturing,Food
Watco,488210,Support Activities for Rail Transportation,Freight
GJ Chemical,424690,Other Chemical and Allied Products Merchant Wholesalers,Wholesale
Goodfield Specialty Grain,424510,Grain and Field Bean Merchant Wholesalers,Food
Colony Hardware,423840,Industrial Supplies Merchant Wholesalers,Wholesale
Brenntag Great Lakes,424690,Other Chemical and Allied Products Merchant Wholesalers,Wholesale
CEI Certified Express Inc.,492110,Couriers and Express Delivery Services,Freight
Valvoline,324191,Petroleum Lubricating Oil and Grease Manufacturing,Manufacturing
Farmers Grain Co of Dorans,424510,Grain and Field Bean Merchant Wholesalers,Food
Golden City Grain & Cotton Co,424510,Grain and Field Bean Merchant Wholesalers,Food
F.W. Cobs Company,424510,Grain and Field Bean Merchant Wholesalers,Food
Hancock Co. Coroner's Office,922190,"Other Justice, Public Order, and Safety Activities",Public Services
Fedex Ground Linehaul,492110,Couriers and Express Delivery Services,Freight
Keystone Mills LLC,311119,Other Animal Food Manufacturing,Food
Bear Mountain Beef,424520,Livestock Merchant Wholesalers,Food
CMFPD,922160,Fire Protection,Public Services
Hexion Inc.,325211,Plastics Material and Resin Manufacturing,Manufacturing
Royal Packaging West,322220,Paper Bag and Coated and Treated Paper Manufacturing,Manufacturing
Amrex Chemical Inc.,325998,All Other Miscellaneous Chemical Product and Preparation Manufacturing,Manufacturing
Colorado Springs Fire Departme,922160,Fire Protection,Public Services
PrimativeCrow,541613,Marketing Consulting Services,Consulting
WeFARM,115112,"Soil Preparation, Planting, and Cultivating",Farming
ROI Biologicals LLC,541714,Research and Development in Biotechnology (except Nanobiotechnology),Research and Development
Chrysalis Fuel,454310,Fuel Dealers,Energy
Black River Commodities,424510,Grain and Field Bean Merchant Wholesalers,Food
PGL,488510,Freight Transportation Arrangement,Freight
Millennium Print Group,323111,Commercial Printing (except Screen and Books),Manufacturing
PL Developments,325411,Medicinal and Botanical Manufacturing,Healthcare
Ohio Valley Goodwill Industries,624310,Vocational Rehabilitation Services,Social Services
Fidelity Investments,523930,Investment Advice,Financial Services
Novelis Emergency Services,561990,All Other Support Services,Business Services
MPE,541330,Engineering Services,Engineering
Santa Margarita Water District,221310,Water Supply and Irrigation Systems,Utilities
"Hopkins County, Texas",921110,Executive Offices,Public Services
Medical Health Pharmacy,446110,Pharmacies and Drug Stores,Healthcare
GSM-FUJI,334413,Semiconductor and Related Device Manufacturing,Manufacturing
Village of Sag Harbor,921110,Executive Offices,Public Services
Entergy,221122,Electric Power Distribution,Energy
Fleetwood Industrial Supply,423840,Industrial Supplies Merchant Wholesalers,Wholesale
Florida Civil Commitment Center,624229,Other Community Housing Services,Social Services
"Industrial Material & Equipment, Inc.",423830,Industrial Machinery and Equipment Merchant Wholesalers,Wholesale
PVS MINIBULK,424690,Other Chemical and Allied Products Merchant Wholesalers,Wholesale
"AIP Storage, Inc.",493110,General Warehousing and Storage,Storage
LIQUID BULK SERVICES,488999,All Other Support Activities for Transportation,Freight
Kalmbach Feeds,311119,Other Animal Food Manufacturing,Food
SC Education Lottery,713290,Other Gambling Industries,Entertainment
Ernest Packaging,424130,Industrial and Personal Service Paper Merchant Wholesalers,Wholesale
Allen Flavors,311930,Flavoring Syrup and Concentrate Manufacturing,Food
Curio Wellness,325411,Medicinal and Botanical Manufacturing,Healthcare
TLS Farm Services of East Texas LLC,115112,"Soil Preparation, Planting, and Cultivating",Farming
Cardinal Health,424210,Drugs and Druggists' Sundries Merchant Wholesalers,Healthcare
D&D Ingredients LLC,311119,Other Animal Food Manufacturing,Food
Useroffline,N/A,N/A,N/A
Fidelity Investments,523930,Investment Advice,Financial Services
Zook Molasses / Good Food Inc,311313,Beet Sugar Manufacturing,Food
RAM Trucking Inc,484110,"General Freight Trucking, Local",Freight
CM Biomass,424510,Grain and Field Bean Merchant Wholesalers,Food
C & M Rucks Dairy inc.,112120,Dairy Cattle and Milk Production,Food
Conti,311611,Animal (except Poultry) Slaughtering,Food
RELIABLE FIRE AND SAFETY,922160,Fire Protection,Public Services
La Hearne Company,424910,Farm Supplies Merchant Wholesalers,Wholesale
Busch Farms,111150,Corn Farming,Farming
Kansas grain inspection,541380,Testing Laboratories,Professional Services
"Florida Purchasing Agency, Inc.",541612,Human Resources Consulting Services,Consulting
Steger Transport,484110,"General Freight Trucking, Local",Freight
JME Transport Corp.,484110,"General Freight Trucking, Local",Freight
"ONEOK, Inc.",486210,Pipeline Transportation of Natural Gas,Energy
CEI Certified Express Inc.,492110,Couriers and Express Delivery Services,Freight
FW Cobs,424510,Grain and Field Bean Merchant Wholesalers,Food
Heartland Coop,424510,Grain and Field Bean Merchant Wholesalers,Food
Diageo Americas Supply,312140,Distilleries,Food
"Science Care, Inc.",541714,Research and Development in Biotechnology (except Nanobiotechnology),Research and Development
Court House,922110,Courts,Public Services
"Keith's Power Equipment, Inc.",444210,Outdoor Power Equipment Stores,Retail
"McDermott / CBI, LLC",236210,Industrial Building Construction,Construction
"Shriver Farms, LLC",111998,All Other Miscellaneous Crop Farming,Farming
Valvoline,324191,Petroleum Lubricating Oil and Grease Manufacturing,Manufacturing
Caron,325120,Industrial Gas Manufacturing,Manufacturing
Black River Commodities,424510,Grain and Field Bean Merchant Wholesalers,Food
Cowlitz Timber Trails,721211,RV (Recreational Vehicle) Parks and Campgrounds,Hospitality
Southern Illinois Motor Xpress,484110,"General Freight Trucking, Local",Freight
Oakley Transport,484230,"Specialized Freight (except Used Goods) Trucking, Long-Distance",Freight
Bear Mountain Beef,424520,Livestock Merchant Wholesalers,Food
Watco,488210,Support Activities for Rail Transportation,Freight
"Kimrad Transport, LP",484220,"Specialized Freight (except Used Goods) Trucking, Local",Freight
DXP Enterprises,423830,Industrial Machinery and Equipment Merchant Wholesalers,Wholesale
beaver meadow creamery,311511,Fluid Milk Manufacturing,Food
Pina Solutions,541614,"Process, Physical Distribution, and Storage Consulting Services",Consulting
Fedex Ground Linehaul,492110,Couriers and Express Delivery Services,Freight
Each+Every,541430,Graphic Design Services,Professional Services
CEMEX,327310,Cement Manufacturing,Manufacturing
Maytag Dairy Farms,311511,Fluid Milk Manufacturing,Food
Brenntag,424690,Other Chemical and Allied Products Merchant Wholesalers,Wholesale
Marquart Repair & Equipment Sales,811310,Commercial and Industrial Machinery and Equipment (except Automotive and Electronic) Repair and Maintenance,Repair and Maintenance
Bcompliant FPS,561990,All Other Support Services,Business Services
Drake Lighting,335110,Electric Lamp Bulb and Part Manufacturing,Manufacturing
Westphal Trucking LLC,484110,"General Freight Trucking, Local",Freight
Iroquois County Clerk,921110,Executive Offices,Public Services
Townsend Grain Co.,424510,Grain and Field Bean Merchant Wholesalers,Food
Mastercraft Boat Company,336612,Boat Building,Manufacturing
"Circle A Brokers, LLC",425120,Wholesale Trade Agents and Brokers,Wholesale
Chambers County Clerk's Office,921110,Executive Offices,Public Services
Millennium Print Group,323111,Commercial Printing (except Screen and Books),Manufacturing
Purtis Creek Farms,111998,All Other Miscellaneous Crop Farming,Farming
South Carolina Education Lottery,713290,Other Gambling Industries,Entertainment
Zulu 24 Inc.,541512,Computer Systems Design Services,IT
Ohio Valley Goodwill,624310,Vocational Rehabilitation Services,Social Services
Cascade Cheese,311513,Cheese Manufacturing,Food
shmulys fine cuts,311611,Animal (except Poultry) Slaughtering,Food
ElecTec Inc,541330,Engineering Services,Engineering
SGI,541511,Custom Computer Programming Services,IT
Valley Pacific,424720,Petroleum and Petroleum Products Merchant Wholesalers (except Bulk Stations and Terminals),Wholesale
Hale County Clerk's Office,921110,Executive Offices,Public Services
DLR Trucking,484110,"General Freight Trucking, Local",Freight
Ring Container,326199,All Other Plastics Product Manufacturing,Manufacturing
Millennium Print Group,323111,Commercial Printing (except Screen and Books),Manufacturing
H&M Mechanical LLC,238220,"Plumbing, Heating, and Air-Conditioning Contractors",Construction
Bulk Warehouse services,493110,General Warehousing and Storage,Storage
VAN ZANDT COUNTY CLERK,921110,Executive Offices,Public Services
Totalchem svcs inc,325998,All Other Miscellaneous Chemical Product and Preparation Manufacturing,Manufacturing
City of San Juan Bautista,921110,Executive Offices,Public Services
Richmond Lenox EMS,621910,Ambulance Services,Healthcare
Jordheim transport,484110,"General Freight Trucking, Local",Freight
"Sheppard Grain Enterprises, LLC",424510,Grain and Field Bean Merchant Wholesalers,Food
BNSF Railway,482111,Line-Haul Railroads,Freight
Oakley Transport,484230,"Specialized Freight (except Used Goods) Trucking, Long-Distance",Freight
Hi-Plains Cooperative Association,424510,Grain and Field Bean Merchant Wholesalers,Food
"Solvay USA, Inc.",325199,All Other Basic Organic Chemical Manufacturing,Manufacturing
Holtzman Equip & Construction,238290,Other Building Equipment Contractors,Construction
PEARSON SALES COMPANY,423990,Other Miscellaneous Durable Goods Merchant Wholesalers,Wholesale
Curio Wellness,325411,Medicinal and Botanical Manufacturing,Healthcare
High Desert Milk,311511,Fluid Milk Manufacturing,Food
Brenntag,424690,Other Chemical and Allied Products Merchant Wholesalers,Wholesale
Savage Services Corporation,488210,Support Activities for Rail Transportation,Freight
Certified Express Inc.,492110,Couriers and Express Delivery Services,Freight
Hemphill County & District Clerk,921110,Executive Offices,Public Services
Cornet,325998,All Other Miscellaneous Chemical Product and Preparation Manufacturing,Manufacturing
Chemical Dynamics Inc,325320,Pesticide and Other Agricultural Chemical Manufacturing,Manufacturing
Valvoline,324191,Petroleum Lubricating Oil and Grease Manufacturing,Manufacturing
FedEx Ground,492110,Couriers and Express Delivery Services,Freight
Pearce Renewables,221118,Other Electric Power Generation,Energy
Route 20 Tank wash,488999,All Other Support Activities for Transportation,Freight
Cardinal Health,424210,Drugs and Druggists' Sundries Merchant Wholesalers,Healthcare
Shelby County Election Commission,921110,Executive Offices,Public Services
CEI Certified Express Inc.,492110,Couriers and Express Delivery Services,Freight
Fedex Ground Linehaul,492110,Couriers and Express Delivery Services,Freight
Cantilloholdings,531210,Offices of Real Estate Agents and Brokers,Real Estate
"BEAED OF BEAUMONT, LLC.",325998,All Other Miscellaneous Chemical Product and Preparation Manufacturing,Manufacturing
Zook Molasses / Good Food Inc,311313,Beet Sugar Manufacturing,Food
JME Transport Corp.,484110,"General Freight Trucking, Local",Freight
Highline Warren,423120,Motor Vehicle Supplies and New Parts Merchant Wholesalers,Wholesale
Brandon Mason Cattle Co. LLC,112120,Dairy Cattle and Milk Production,Food
Columbia Data Systems,541512,Computer Systems Design Services,IT
Traibers meat,311611,Animal (except Poultry) Slaughtering,Food
Semo Milling,311211,Flour Milling,Food
"White Construction, Inc.",236220,Commercial and Institutional Building Construction,Construction
Minhas Craft Brewery,312120,Breweries,Food
Scenario,541512,Computer Systems Design Services,IT
Solera Source Dynamics,541512,Computer Systems Design Services,IT
City of Cape Coral - Public Works,921120,Legislative Bodies,Public Services
Ventura foods,311615,Poultry Processing,Food
TRANSPORTES NAZARIO RUIZ,484110,"General Freight Trucking, Local",Freight
Zulu 24 Inc.,541512,Computer Systems Design Services,IT
Aeris Technologies,334519,Other Measuring and Controlling Device Manufacturing,Manufacturing
Pasco Fire Department,922160,Fire Protection,Public Services
"AIP Storage, Inc.",493110,General Warehousing and Storage,Storage
Perfect Precision,332710,Machine Shops,Manufacturing
Energy Select LLC,221118,Other Electric Power Generation,Energy
Maryland Government,921110,Executive Offices,Public Services
Price Chopper / Golub Corp,445110,Supermarkets and Other Grocery (except Convenience) Stores,Retail
Hawkeye Gold LLC,424510,Grain and Field Bean Merchant Wholesalers,Food
MIDWEST CONVERTING INC,322230,Paperboard Mills,Manufacturing
Wyoming County Board of Elections,921120,Legislative Bodies,Public Services
Caron,325120,Industrial Gas Manufacturing,Manufacturing
Texon LP,424720,Petroleum and Petroleum Products Merchant Wholesalers (except Bulk Stations and Terminals),Wholesale
ASAK SOLUTIONS LLC,541512,Computer Systems Design Services,IT
Ethnix Group,541614,"Process, Physical Distribution, and Storage Consulting Services",Consulting
Astro Ford,441110,New Car Dealers,Retail
Safe Fire Detection,561621,Security Systems Services (except Locksmiths),Security Services
TMT TRUCKING,484110,"General Freight Trucking, Local",Freight
FASTENAL,423840,Industrial Supplies Merchant Wholesalers,Wholesale
NAVY EXCHANGE,452319,All Other General Merchandise Stores,Retail
Ashley Snell Collection,448150,Clothing Accessories Stores,Retail
RHM Transportation,484110,"General Freight Trucking, Local",Freight
Timmons Oil,424720,Petroleum and Petroleum Products Merchant Wholesalers (except Bulk Stations and Terminals),Wholesale
Bunge SCF,424510,Grain and Field Bean Merchant Wholesalers,Food
PSEG FIRE DEPT,922160,Fire Protection,Public Services
CM Biomass,424510,Grain and Field Bean Merchant Wholesalers,Food
Houff Corporation,484220,"Specialized Freight (except Used Goods) Trucking, Local",Freight
Southern Illinois Motor Xpress,484110,"General Freight Trucking, Local",Freight
Cornet RPS,325998,All Other Miscellaneous Chemical Product and Preparation Manufacturing,Manufacturing
Good Day Farm Missouri,111998,All Other Miscellaneous Crop Farming,Farming
Chinook Medical Gear,339113,Surgical Appliance and Supplies Manufacturing,Manufacturing
Valley Pacific,424720,Petroleum and Petroleum Products Merchant Wholesalers (except Bulk Stations and Terminals),Wholesale
Salt city fire protection,922160,Fire Protection,Public Services
Service Equipment Co Inc,423830,Industrial Machinery and Equipment Merchant Wholesalers,Wholesale
Davis Ulmer,238220,"Plumbing, Heating, and Air-Conditioning Contractors",Construction
City of Charlottesville Office of Voter Registration,921120,Legislative Bodies,Public Services
MSC,339113,Surgical Appliance and Supplies Manufacturing,Manufacturing
AOCUSA,424690,Other Chemical and Allied Products Merchant Wholesalers,Wholesale
Eastman,325211,Plastics Material and Resin Manufacturing,Manufacturing
Dubbels Trucking,484110,"General Freight Trucking, Local",Freight
Refugio County Elections Administration,921120,Legislative Bodies,Public Services
Boston Irrigation,221310,Water Supply and Irrigation Systems,Utilities
international Bridge,482111,Line-Haul Railroads,Freight
Colusa Produce Corporation,424480,Fresh Fruit and Vegetable Merchant Wholesalers,Food
Watco,488210,Support Activities for Rail Transportation,Freight
The Choctaw Nation of Oklahoma,813319,Other Social Advocacy Organizations,Social Services
Montague County Elections,921120,Legislative Bodies,Public Services
Perfect Precision,332710,Machine Shops,Manufacturing
Oakley Transport,484230,"Specialized Freight (except Used Goods) Trucking, Long-Distance",Freight
Hi-Plains Coop,424510,Grain and Field Bean Merchant Wholesalers,Food
Cardinal Health,424210,Drugs and Druggists' Sundries Merchant Wholesalers,Healthcare
Erath County Elections,921120,Legislative Bodies,Public Services
Black River Commodities,424510,Grain and Field Bean Merchant Wholesalers,Food
American Red Cross,624230,Emergency and Other Relief Services,Social Services
Ward County Clerk,921120,Legislative Bodies,Public Services
Zoom Digital,541511,Custom Computer Programming Services,IT
Timmons Oil Inc.,424720,Petroleum and Petroleum Products Merchant Wholesalers (except Bulk Stations and Terminals),Wholesale
Moore County Clerk,921120,Legislative Bodies,Public Services
Lamb County Elections,921120,Legislative Bodies,Public Services
Hi-Plains Cooperative Association,424510,Grain and Field Bean Merchant Wholesalers,Food
Kentucky Lottery Corporation,713290,Other Gambling Industries,Entertainment
Coke County Clerk,921120,Legislative Bodies,Public Services
Brewster County,921120,Legislative Bodies,Public Services
Parmer County Elections,921120,Legislative Bodies,Public Services
Taylor County Elections,921120,Legislative Bodies,Public Services
Cass County Elections,921120,Legislative Bodies,Public Services
Comanche County Elections,921120,Legislative Bodies,Public Services
Sabine County Elections,921120,Legislative Bodies,Public Services
Hockley County Elections,921120,Legislative Bodies,Public Services
Mywood County,921120,Legislative Bodies,Public Services
Stephens County Elections,921120,Legislative Bodies,Public Services
Gaines County Elections,921120,Legislative Bodies,Public Services
AZ Ministry Network,813110,Religious Organizations,Social Services
MSC,339113,Surgical Appliance and Supplies Manufacturing,Manufacturing
DFA Dairy Farmers of America,424520,Livestock Merchant Wholesalers,Food
Brenntag,424690,Other Chemical and Allied Products Merchant Wholesalers,Wholesale
Salem Fire Equipment,423990,Other Miscellaneous Durable Goods Merchant Wholesalers,Wholesale
Clay County Elections,921120,Legislative Bodies,Public Services
Logiclean LLC,561720,Janitorial Services,Business Services
BNSF Railway,482111,Line-Haul Railroads,Freight
Two Notch Taxidermy,711510,"Independent Artists, Writers, and Performers",Arts
Blue Line Corporation,561990,All Other Support Services,Business Services
Fedex Ground Linehaul,492110,Couriers and Express Delivery Services,Freight
Hexion Inc.,325211,Plastics Material and Resin Manufacturing,Manufacturing
Interroll Engineering West,333922,Conveyor and Conveying Equipment Manufacturing,Manufacturing
JME Transport Corp.,484110,"General Freight Trucking, Local",Freight
American Tank Wash,488999,All Other Support Activities for Transportation,Freight
Monument Chemical,325199,All Other Basic Organic Chemical Manufacturing,Manufacturing
Enviva biomass,321999,All Other Miscellaneous Wood Product Manufacturing,Manufacturing
IP Biomass Inc,424510,Grain and Field Bean Merchant Wholesalers,Food
SPER Chemical Corporation,325199,All Other Basic Organic Chemical Manufacturing,Manufacturing
Town of Easton,921110,Executive Offices,Public Services
Country Life LLC,311511,Fluid Milk Manufacturing,Food
Weird Beverages,312111,Soft Drink Manufacturing,Food
Torrance Storage Company,484230,"Specialized Freight (except Used Goods) Trucking, Long-Distance",Freight
On Track Trucking Inc,484110,"General Freight Trucking, Local",Freight
Brandeis University,611310,"Colleges, Universities, and Professional Schools",Education
Comcast,517311,Wired Telecommunications Carriers,Telecommunications
Willis Police Department,922120,Police Protection,Public Services
"Florida Purchasing Agency, Inc.",541612,Human Resources Consulting Services,Consulting
Itos Truck Wash,811192,Car Washes,Retail
NVE,334516,Analytical Laboratory Instrument Manufacturing,Manufacturing
Ripley Industries Inc.,333924,"Industrial Truck, Tractor, Trailer, and Stacker Machinery Manufacturing",Manufacturing
Medford Ambulance,621910,Ambulance Services,Healthcare
Keystone Water Company,221310,Water Supply and Irrigation Systems,Utilities
COSCO Fire Protection,561621,Security Systems Services (except Locksmiths),Security Services
"Delta Treatment Systems, LLC",333318,Other Commercial and Service Industry Machinery Manufacturing,Manufacturing
Vane Brothers,488310,Port and Harbor Operations,Freight
D&D Ingredients LLC,311119,Other Animal Food Manufacturing,Food
Santa Margarita Water District,221310,Water Supply and Irrigation Systems,Utilities
Odyssey Polymers,325199,All Other Basic Organic Chemical Manufacturing,Manufacturing
Kerotest Manufacturing,332911,Industrial Valve Manufacturing,Manufacturing
Zulu 24 Inc.,541512,Computer Systems Design Services,IT
HIGH DESERT MILK,311511,Fluid Milk Manufacturing,Food
Princess Cargo Corp,488510,Freight Transportation Arrangement,Freight
PSC,488999,All Other Support Activities for Transportation,Freight
C & M Rucks Dairy inc.,112120,Dairy Cattle and Milk Production,Food
OrthoMetals Americas LLC,334516,Analytical Laboratory Instrument Manufacturing,Manufacturing
ON TRACK TRUCKING INC,484110,"General Freight Trucking, Local",Freight
Gemsa Enterprises,424690,Other Chemical and Allied Products Merchant Wholesalers,Wholesale
ASAK,541512,Computer Systems Design Services,IT
AmeriGas,454310,Fuel Dealers,Energy
Townsend Grain Co.,424510,Grain and Field Bean Merchant Wholesalers,Food
Monument Chemical Kentucky,325199,All Other Basic Organic Chemical Manufacturing,Manufacturing
"Quality Transport, Inc.",484110,"General Freight Trucking, Local",Freight
City of Bloomfield,921110,Executive Offices,Public Services
Core Civic,922140,Correctional Institutions,Public Services
Cardinal Health,424210,Drugs and Druggists' Sundries Merchant Wholesalers,Healthcare
BNSF Railway,482111,Line-Haul Railroads,Freight
Country Life LLC,311511,Fluid Milk Manufacturing,Food
Fedex Ground,492110,Couriers and Express Delivery Services,Freight
Alfred H Knight North America Ltd.,541380,Testing Laboratories,Professional Services
Bear Mountain Beast,424520,Livestock Merchant Wholesalers,Food
"Sprague's Supply, Inc./DBA NAPA Auto Parts",441310,Automotive Parts and Accessories Stores,Retail
Valley Pacific Petroleum,424720,Petroleum and Petroleum Products Merchant Wholesalers (except Bulk Stations and Terminals),Wholesale
Laird and Company,312130,Wineries,Food
CM Biomass,424510,Grain and Field Bean Merchant Wholesalers,Food
FARMERS CO-OP OIL CO,424510,Grain and Field Bean Merchant Wholesalers,Food
Collins Aerospace,336413,Other Aircraft Parts and Auxiliary Equipment Manufacturing,Manufacturing
Itos Truck Wash,811192,Car Washes,Retail
C & M Rucks Dairy inc.,112120,Dairy Cattle and Milk Production,Food
Fedex Ground Linehaul,492110,Couriers and Express Delivery Services,Freight
ROI Biologicals,325414,Biological Product (except Diagnostic) Manufacturing,Manufacturing
Worthen Industries Inc.,325211,Plastics Material and Resin Manufacturing,Manufacturing
DFA Dairy Farmers of America,424520,Livestock Merchant Wholesalers,Food
ElecTec Inc,541330,Engineering Services,Engineering
FEDEX LINEHAUL,492110,Couriers and Express Delivery Services,Freight
LaRocque Trucking,484110,"General Freight Trucking, Local",Freight
Ag View FS,424510,Grain and Field Bean Merchant Wholesalers,Food
Zulu24 Inc.,541512,Computer Systems Design Services,IT
Mortenson Bros Farms,111998,All Other Miscellaneous Crop Farming,Farming
Keystone Water Company,221310,Water Supply and Irrigation Systems,Utilities
Felix Valdez,441110,New Car Dealers,Retail
Aquasan,221310,Water Supply and Irrigation Systems,Utilities
Service Equipment Co Inc,423830,Industrial Machinery and Equipment Merchant Wholesalers,Wholesale
D&D Ingredients LLC,311119,Other Animal Food Manufacturing,Food
Control Union USA Inc.,541380,Testing Laboratories,Professional Services
GEM PUBLICATIONS INC,511120,Periodical Publishers,Publishing
INDYKUSA,311612,Meat Processed from Carcasses,Food
"Florida Purchasing Agency, Inc.",541612,Human Resources Consulting Services,Consulting
CAROLINA SCALES INC,333997,Scale and Balance Manufacturing,Manufacturing
Gemsa Enterprises,424690,Other Chemical and Allied Products Merchant Wholesalers,Wholesale
CRYOBIOLOGY,541714,Research and Development in Biotechnology (except Nanobiotechnology),Research and Development
Kar Services,541614,"Process, Physical Distribution, and Storage Consulting Services",Consulting
PVS MINIBULK,325998,All Other Miscellaneous Chemical Product and Preparation Manufacturing,Manufacturing
Brenntag Southwest,424690,Other Chemical and Allied Products Merchant Wholesalers,Wholesale
Access Corp,518210,"Data Processing, Hosting, and Related Services",IT
Tyson Foods,311615,Poultry Processing,Food
O’Flynn’s Transportation,484230,"Specialized Freight (except Used Goods) Trucking, Long-Distance",Freight
Strohschein Inc,311613,Rendering and Meat Byproduct Processing,Food
Quality mine control inc,541380,Testing Laboratories,Professional Services
BMB,551112,Offices of Other Holding Companies,Business Services
GEMSA OILS,424720,Petroleum and Petroleum Products Merchant Wholesalers (except Bulk Stations and Terminals),Wholesale
Brenntag Great Lakes,424690,Other Chemical and Allied Products Merchant Wholesalers,Wholesale
Chinook Medical Gear,339113,Surgical Appliance and Supplies Manufacturing,Manufacturing
Mediterranean Delight,311412,Frozen Specialty Food Manufacturing,Food
JCM Energy Plus LLC,541690,Other Scientific and Technical Consulting Services,Consulting
Nexleaf Cultivation LLC,111419,Other Food Crops Grown Under Cover,Farming
Norfolk Southern,482111,Line-Haul Railroads,Freight
Bonei Olam,813311,Human Rights Organizations,Social Services
Metro Ports,488310,Port and Harbor Operations,Freight
URTR,541614,"Process, Physical Distribution, and Storage Consulting Services",Consulting
Waste Connections,562920,Materials Recovery Facilities,Waste Management
Cerne Calcium,212393,Other Chemical and Fertilizer Mineral Mining,Mining
FDX,492110,Couriers and Express Delivery Services,Freight
"AIP Storage, Inc.",493110,General Warehousing and Storage,Storage
Solera Source Dynamics LLC,541512,Computer Systems Design Services,IT
Oakley Transport,484230,"Specialized Freight (except Used Goods) Trucking, Long-Distance",Freight
Million Air,488190,Other Support Activities for Air Transportation,Transportation
Keystone Water Company,221310,Water Supply and Irrigation Systems,Utilities
Heart River Energy,221118,Other Electric Power Generation,Energy
Today Cartage Inc.,484110,"General Freight Trucking, Local",Freight
Brenntag,424690,Other Chemical and Allied Products Merchant Wholesalers,Wholesale
BNSF,482111,Line-Haul Railroads,Freight
Chinook Medical Gear,339113,Surgical Appliance and Supplies Manufacturing,Manufacturing
Marathon Petroleum,324110,Petroleum Refineries,Energy
MedAire,621910,Ambulance Services,Healthcare
Torrance Storage Company,484230,"Specialized Freight (except Used Goods) Trucking, Long-Distance",Freight
Abbys Catering,722320,Caterers,Food
MPLX,486110,Pipeline Transportation of Crude Oil,Transportation
Beacon Specialized Living Serv,623220,Residential Mental Health and Substance Abuse Facilities,Healthcare
CSI Forensic Supply,339113,Surgical Appliance and Supplies Manufacturing,Manufacturing
LA Test Labs,541380,Testing Laboratories,Professional Services
Dupont,325211,Plastics Material and Resin Manufacturing,Manufacturing
Watermark,541330,Engineering Services,Engineering
DXP Enterprises Inc.,423840,Industrial Supplies Merchant Wholesalers,Wholesale
Fedex Ground,492110,Couriers and Express Delivery Services,Freight
University of Wisconsin Madison,611310,"Colleges, Universities, and Professional Schools",Education
"St. Julian Wine Company, Inc.",312130,Wineries,Food
MetroPorts,488310,Port and Harbor Operations,Freight
Korth Transfer,484110,"General Freight Trucking, Local",Freight
GEM PUBLICATIONS INC,511120,Periodical Publishers,Publishing
Watco,488210,Support Activities for Rail Transportation,Freight
Pasco Fire Department,922160,Fire Protection,Public Services
FEDEX GROUND PACKAGE SYSTEM INC,492110,Couriers and Express Delivery Services,Freight
Paragon Construction and Design,236220,Commercial and Institutional Building Construction,Construction
Chemical Dynamics,325320,Pesticide and Other Agricultural Chemical Manufacturing,Manufacturing
Bear Mountain Beast,424520,Livestock Merchant Wholesalers,Food
Good Ground Sea Farm,112512,Shellfish Farming,Food
CAROLINA SCALES INC,333997,Scale and Balance Manufacturing,Manufacturing
Proximity Malt,311213,Malt Manufacturing,Food
Heart River Storage,484110,"General Freight Trucking, Local",Freight
TotalChem,325998,All Other Miscellaneous Chemical Product and Preparation Manufacturing,Manufacturing
laird and company,312130,Wineries,Food
Orlando World Center Marriott - Recreation,721110,Hotels (except Casino Hotels) and Motels,Hospitality
"ROI Biologicals, LLC",325414,Biological Product (except Diagnostic) Manufacturing,Manufacturing
PVS MINIBULK,325998,All Other Miscellaneous Chemical Product and Preparation Manufacturing,Manufacturing
US NAVY,928110,National Security,Public Services
Helena Agr,424910,Farm Supplies Merchant Wholesalers,Wholesale
Lincoln Contractors Supply,423810,Construction and Mining (except Oil Well) Machinery and Equipment Merchant Wholesalers,Wholesale
CHS South Central,424510,Grain and Field Bean Merchant Wholesalers,Food
"Josh Packaging, Inc",322211,Corrugated and Solid Fiber Box Manufacturing,Manufacturing
USA Martial arts,611620,Sports and Recreation Instruction,Education
BMC,423310,"Lumber, Plywood, Millwork, and Wood Panel Merchant Wholesalers",Wholesale
EASTERN AERO MARINE,339999,All Other Miscellaneous Manufacturing,Manufacturing
United Metro Energy,424720,Petroleum and Petroleum Products Merchant Wholesalers (except Bulk Stations and Terminals),Wholesale
Standard Fire Protection,561621,Security Systems Services (except Locksmiths),Security Services
Modern Transportation Services LLC,484230,"Specialized Freight (except Used Goods) Trucking, Long-Distance",Freight
MT BAKER PRODUCTS,311812,Commercial Bakeries,Food
Austin Security Inc.,561621,Security Systems Services (except Locksmiths),Security Services
FF Propane,454310,Fuel Dealers,Energy
Lighthouse Film Company,512110,Motion Picture and Video Production,Media
Country Partners Coop,424510,Grain and Field Bean Merchant Wholesalers,Food
Climate Control,238220,"Plumbing, Heating, and Air-Conditioning Contractors",Construction
Greater Pine Island Water,221310,Water Supply and Irrigation Systems,Utilities
D.R. Schaal Agency,524210,Insurance Agencies and Brokerages,Business Services
Fastenal,423840,Industrial Supplies Merchant Wholesalers,Wholesale
Hagen Transfer,484110,"General Freight Trucking, Local",Freight
FedEx Ground- Attn Linehaul,492110,Couriers and Express Delivery Services,Freight
Southern Illinois Motor Xpress,484110,"General Freight Trucking, Local",Freight
"LLB Investments, LLC dba Korth Transfer",484110,"General Freight Trucking, Local",Freight
"Deschutes Brewery, Inc.",312120,Breweries,Food
Raisin Valley Lines Inc,484230,"Specialized Freight (except Used Goods) Trucking, Long-Distance",Freight
Port of Wilmington Cold Storage (PWCS),493120,Refrigerated Warehousing and Storage,Storage
Ernest Packaging,322211,Corrugated and Solid Fiber Box Manufacturing,Manufacturing
CMA CGM,488510,Freight Transportation Arrangement,Freight
PL Developments,325412,Pharmaceutical Preparation Manufacturing,Manufacturing
Stephen Gould Corporation,423840,Industrial Supplies Merchant Wholesalers,Wholesale
Esmar Distribution Inc.,424210,Drugs and Druggists' Sundries Merchant Wholesalers,Wholesale
WALMART DC 6087 / 6271,493190,Other Warehousing and Storage,Storage
USTC Distribution Center,493110,General Warehousing and Storage,Storage
Paragon Leasing L.P.,532120,"Truck, Utility Trailer, and RV (Recreational Vehicle) Rental and Leasing",Rental and Leasing
B line LLC,484121,"General Freight Trucking, Long-Distance, Truckload",Freight
"Wheeland Lumber Co., Inc.",321113,Sawmills,Manufacturing
BeverageCityLLC,424820,Wine and Distilled Alcoholic Beverage Merchant Wholesalers,Wholesale
William Parker Associates INC,541611,Administrative Management and General Management Consulting Services,Professional Services
WHITBY AG,111150,Corn Farming,Farming
GRT Move LLC,484121,"General Freight Trucking, Long-Distance, Truckload",Freight
LPL PROJECTS & LOGISTICS USA CORP.,488510,Freight Transportation Arrangement,Freight
CKB TRANSPORTATION,484230,"Specialized Freight (except Used Goods) Trucking, Long-Distance",Freight
Forward Intermodal,488210,Support Activities for Rail Transportation,Freight
PALOUSE PULSE LLC,311211,Flour Milling,Food
ARKANSAS DIESEL ENGINES,423830,Industrial Machinery and Equipment Merchant Wholesalers,Wholesale
Continuum Transportation,484230,"Specialized Freight (except Used Goods) Trucking, Long-Distance",Freight
Hawkeye Gold LLC,325311,Nitrogenous Fertilizer Manufacturing,Manufacturing
Atlantic Pacific Inc,484121,"General Freight Trucking, Long-Distance, Truckload",Freight
Each+Every,454110,Electronic Shopping and Mail-Order Houses,Retail
CJ Logistics,488510,Freight Transportation Arrangement,Freight
Ghirardelli Chocolate Company,311352,Confectionery Manufacturing from Purchased Chocolate,Food
"Wondertreats, Inc.",311340,Nonchocolate Confectionery Manufacturing,Food
D R Schaal Agency Inc.,524210,Insurance Agencies and Brokerages,Business Services
GrayMar Environmental Services,541620,Environmental Consulting Services,Professional Services
JW EXPRESS INC,484121,"General Freight Trucking, Long-Distance, Truckload",Freight
ALLAN COMPANY,562920,Materials Recovery Facilities,Recycling
FT Cartage,484121,"General Freight Trucking, Long-Distance, Truckload",Freight
TOTAL SAFETY SUPPLIES & SOLUTIONS,423840,Industrial Supplies Merchant Wholesalers,Wholesale
Frontier Logistics L.P.,488510,Freight Transportation Arrangement,Freight
Black River Commodities,424510,Grain and Field Bean Merchant Wholesalers,Food
Rahim Transport,484230,"Specialized Freight (except Used Goods) Trucking, Long-Distance",Freight
Valley Hay,424910,Farm Supplies Merchant Wholesalers,Wholesale
Defense Logistics Agency,928110,National Security,Public Services
"Conservit, Inc",562920,Materials Recovery Facilities,Recycling
Duckwall Fruit,111339,Other Noncitrus Fruit Farming,Farming
Blendex,311941,"Mayonnaise, Dressing, and Other Prepared Sauce Manufacturing",Food
Maritime Cargo Services Inc.,488320,Marine Cargo Handling,Freight
Air Ocean Parcel Service LLC,488510,Freight Transportation Arrangement,Freight
BMWNA,423110,Automobile and Other Motor Vehicle Merchant Wholesalers,Wholesale
Redline Metals Inc,423930,Recyclable Material Merchant Wholesalers,Recycling
Global fmcg brands Inc,424480,Fresh Fruit and Vegetable Merchant Wholesalers,Food
Singh Trucklines,484121,"General Freight Trucking, Long-Distance, Truckload",Freight
JAQUITH INDUSTRIES INC,332312,Fabricated Structural Metal Manufacturing,Manufacturing
GLOBAL SHIPPING SERVICES,488510,Freight Transportation Arrangement,Freight
Port of Wilmington Cold Storage (PWCS),493120,Refrigerated Warehousing and Storage,Storage
WALMART DC 6087 / 6271,493190,Other Warehousing and Storage,Storage
ALLAN COMPANY,562920,Materials Recovery Facilities,Recycling
Fiber Energy,221117,Biomass Electric Power Generation,Energy
Neel Aviation DC,488119,Other Airport Operations,Transportation
GRT,484121,"General Freight Trucking, Long-Distance, Truckload",Freight
"Wheeland Lumber Co., Inc.",321113,Sawmills,Manufacturing
Duckwall Fruit,111339,Other Noncitrus Fruit Farming,Farming
D.R. Schaal Agency,524210,Insurance Agencies and Brokerages,Business Services
Rio Tinto,212299,All Other Metal Ore Mining,Mining
Smiles Motors LLC,441110,New Car Dealers,Retail
Ernest Packaging,322211,Corrugated and Solid Fiber Box Manufacturing,Manufacturing
"Berkshire Refrigerated Warehousing, LLC",493120,Refrigerated Warehousing and Storage,Storage
Continuum Transportation,484230,"Specialized Freight (except Used Goods) Trucking, Long-Distance",Freight
Southern Core Recycling,423930,Recyclable Material Merchant Wholesalers,Recycling
"AER LOGISTICS, LLC",488510,Freight Transportation Arrangement,Freight
Worldwide Antler Brokers,424990,Other Miscellaneous Nondurable Goods Merchant Wholesalers,Wholesale
Augusta Rd Recycling,562920,Materials Recovery Facilities,Recycling
Ocean Innovations,541690,Other Scientific and Technical Consulting Services,Professional Services
International Trading LLC,423930,Recyclable Material Merchant Wholesalers,Recycling
STG Logistics,488510,Freight Transportation Arrangement,Freight
JW EXPRESS INC,484121,"General Freight Trucking, Long-Distance, Truckload",Freight
Global Metal Recycling Inc.,423930,Recyclable Material Merchant Wholesalers,Recycling
Black River Commodities,424510,Grain and Field Bean Merchant Wholesalers,Food
Freight Tech Cartage,484121,"General Freight Trucking, Long-Distance, Truckload",Freight
Blendex,311941,"Mayonnaise, Dressing, and Other Prepared Sauce Manufacturing",Food
"REDMOND, INC",311942,Spice and Extract Manufacturing,Food
PSS Distribution Services,493110,General Warehousing and Storage,Storage
Orotex North America,423990,Other Miscellaneous Durable Goods Merchant Wholesalers,Wholesale
TotalChem,424690,Other Chemical and Allied Products Merchant Wholesalers,Wholesale
JUST LOGISTICS GROUP INC,488510,Freight Transportation Arrangement,Freight
Downstream Trading LLC,424990,Other Miscellaneous Nondurable Goods Merchant Wholesalers,Wholesale
Yiqihe Inc,488510,Freight Transportation Arrangement,Freight
"Premier Timber and Veneer, LLC",321113,Sawmills,Manufacturing
Cardiff School District,611110,Elementary and Secondary Schools,Education
Moran Logistics,488510,Freight Transportation Arrangement,Freight
AlumnIQ,611310,"Colleges, Universities, and Professional Schools",Education
CF Cold Storage,493120,Refrigerated Warehousing and Storage,Storage
Studio-MLA,541410,Interior Design Services,Professional Services
WINCORP INTERNATIONAL,488510,Freight Transportation Arrangement,Freight
McLane Global,424410,General Line Grocery Merchant Wholesalers,Food
"Patriot Pickle, Inc.",311421,Fruit and Vegetable Canning,Food
Forest Bulk Transport,484230,"Specialized Freight (except Used Goods) Trucking, Long-Distance",Freight
Ford Motor Company-Houston HVC,336111,Automobile Manufacturing,Manufacturing
Clemens Food Group,311611,Animal (except Poultry) Slaughtering,Food
TRT Intermodal,488210,Support Activities for Rail Transportation,Freight
Suburban Industrial Packaging,322211,Corrugated and Solid Fiber Box Manufacturing,Manufacturing
Neway Packaging Corporation,322211,Corrugated and Solid Fiber Box Manufacturing,Manufacturing
National Consolidation Services,488510,Freight Transportation Arrangement,Freight
Philips,334512,"Automatic Environmental Control Manufacturing for Residential, Commercial, and Appliance Use",Manufacturing
Atlas Repairs,811310,Commercial and Industrial Machinery and Equipment (except Automotive and Electronic) Repair and Maintenance,Professional Services
CEI Certified Express Inc.,484230,"Specialized Freight (except Used Goods) Trucking, Long-Distance",Freight
Circle C Consulting,541611,Administrative Management and General Management Consulting Services,Professional Services
IDY - FLEET EQUIPMENT,811111,General Automotive Repair,Professional Services
Frank Belcher Supply,423830,Industrial Machinery and Equipment Merchant Wholesalers,Wholesale
CROWN MARK,423210,Furniture Merchant Wholesalers,Retail
Iron River Farms,111199,All Other Grain Farming,Farming
Completely Fresh,424480,Fresh Fruit and Vegetable Merchant Wholesalers,Food
Case Farms,311615,Poultry Processing,Food
Givens Transportation,488510,Freight Transportation Arrangement,Freight
Freedom Railcar Solutions,336510,Railroad Rolling Stock Manufacturing,Manufacturing
Allied Metal Company,331210,Iron and Steel Pipe and Tube Manufacturing from Purchased Steel,Manufacturing
KING ZAK,326111,Plastics Bag and Pouch Manufacturing,Manufacturing
berks warehouse,493110,General Warehousing and Storage,Storage
"Tops Products, LLC",424120,Stationery and Office Supplies Merchant Wholesalers,Wholesale
Magnolia Foods,311615,Poultry Processing,Food
COLORADO INDUSTRIAL SUPPLY,423840,Industrial Supplies Merchant Wholesalers,Wholesale
Valero / Parkway Pipeline,486110,Pipeline Transportation of Crude Oil,Energy
J & J Farming LLC,111998,All Other Miscellaneous Crop Farming,Farming
Falcon Airport Services LLC,488119,Other Airport Operations,Transportation
Shepherds Processed Eggs,311615,Poultry Processing,Food
INDUSTRIAL PIPING SPECIALIST,332996,Fabricated Pipe and Pipe Fitting Manufacturing,Manufacturing
Benchmark Industrial,339999,All Other Miscellaneous Manufacturing,Manufacturing
New Tech Packaging,322211,Corrugated and Solid Fiber Box Manufacturing,Manufacturing
Kimberly Clark,322291,Sanitary Paper Product Manufacturing,Manufacturing
CORE X PERFORMANCE,541990,"All Other Professional, Scientific, and Technical Services",Professional Services
Sun State Nursery,111421,Nursery and Tree Production,Farming
Each+Every,541490,Other Specialized Design Services,Professional Services
Anderson Bakery,311812,Commercial Bakeries,Food
CDI LAWN EQUIPMENT,444220,"Nursery, Garden Center, and Farm Supply Stores",Retail
Pierre Landscape,561730,Landscaping Services,Professional Services
"A.C. Cartage, Inc.",484121,"General Freight Trucking, Long-Distance, Truckload",Freight
REDHEAD MEDICAL,339113,Surgical Appliance and Supplies Manufacturing,Manufacturing
North Eastern Equipment Sales & Rentals,532412,"Construction, Mining, and Forestry Machinery and Equipment Rental and Leasing",Professional Services
"Keith's Power Equipment, Inc.",811310,Commercial and Industrial Machinery and Equipment (except Automotive and Electronic) Repair and Maintenance,Professional Services
Agilent Technologies,334516,Analytical Laboratory Instrument Manufacturing,Manufacturing
Nashville Record Pressing,334614,"Software and Other Prerecorded Compact Disc, Tape, and Record Reproducing",Manufacturing
"Tomar Industries, Inc.",322211,Corrugated and Solid Fiber Box Manufacturing,Manufacturing
"South Atlantic Services, Inc",493110,General Warehousing and Storage,Storage
Bobcat of Warsaw,423810,Construction and Mining (except Oil Well) Machinery and Equipment Merchant Wholesalers,Wholesale
Little Leaf Farms,111419,Other Food Crops Grown Under Cover,Farming
FRANK BELCHER SUPPLY,423830,Industrial Machinery and Equipment Merchant Wholesalers,Wholesale
DOWNLITE,314120,Curtain and Linen Mills,Manufacturing
AGM Transport Inc,484230,"Specialized Freight (except Used Goods) Trucking, Long-Distance",Freight
Purtis Creek Farms,111199,All Other Grain Farming,Farming
BPR Rico Equipment,532490,Other Commercial and Industrial Machinery and Equipment Rental and Leasing,Professional Services
Millbrook Fisheries,112511,Finfish Farming and Fish Hatcheries,Farming
White Arrow,484121,"General Freight Trucking, Long-Distance, Truckload",Freight
US 1 Logistics,484121,"General Freight Trucking, Long-Distance, Truckload",Freight
Sweet Street Desserts Inc.,311813,"Frozen Cakes, Pies, and Other Pastries Manufacturing",Food
Red Bird Carriers,484121,"General Freight Trucking, Long-Distance, Truckload",Freight
Toms Tree Place,561730,Landscaping Services,Professional Services
Printcbf,323111,Commercial Printing (except Screen and Books),Manufacturing
Golub Corp.,445110,Supermarkets and Other Grocery (except Convenience) Stores,Retail
Pallet Express,321920,Wood Container and Pallet Manufacturing,Manufacturing
AMERICAN PACKAGING LLC,322211,Corrugated and Solid Fiber Box Manufacturing,Manufacturing
Moran Logistics,488510,Freight Transportation Arrangement,Freight
Wilkinson Auctions,561990,All Other Support Services,Professional Services
STP Ellermann,541330,Engineering Services,Professional Services
"L & L Pallet Supply, Inc",321920,Wood Container and Pallet Manufacturing,Manufacturing
Case Farms,311615,Poultry Processing,Food
GottaDo Contracting,236220,Commercial and Institutional Building Construction,Construction
Florexpo,424930,"Flower, Nursery Stock, and Florists' Supplies Merchant Wholesalers",Wholesale
"Berkshire Refrigerated Warehousing, LLC",493120,Refrigerated Warehousing and Storage,Storage
Valley Pacific,424720,Petroleum and Petroleum Products Merchant Wholesalers (except Bulk Stations and Terminals),Energy
Brown Farm Equipment,423820,Farm and Garden Machinery and Equipment Merchant Wholesalers,Wholesale
Le Best Banana,424480,Fresh Fruit and Vegetable Merchant Wholesalers,Food
A.M. Woodland Outdoor Design,541320,Landscape Architectural Services,Professional Services
ASI Displays,339950,Sign Manufacturing,Manufacturing
McLane Global,424410,General Line Grocery Merchant Wholesalers,Food
Freedom Railcar Solutions,336510,Railroad Rolling Stock Manufacturing,Manufacturing
Kimberly Clark,322291,Sanitary Paper Product Manufacturing,Manufacturing
"Gourmet Wood Products, Inc",321999,All Other Miscellaneous Wood Product Manufacturing,Manufacturing
"Tomar Industries, Inc.",322211,Corrugated and Solid Fiber Box Manufacturing,Manufacturing
"Infinite Electronics Recycling, LLC",562920,Materials Recovery Facilities,Waste Management
"MDS Trucking V, Inc.",484121,"General Freight Trucking, Long-Distance, Truckload",Freight
Falcon Airport Services LLC,488119,Other Airport Operations,Transportation
The Spiratex Company,326199,All Other Plastics Product Manufacturing,Manufacturing
Intercon,423830,Industrial Machinery and Equipment Merchant Wholesalers,Wholesale
CA Tesch Equipment,811310,Commercial and Industrial Machinery and Equipment (except Automotive and Electronic) Repair and Maintenance,Professional Services
Save-A-Lot,445110,Supermarkets and Other Grocery (except Convenience) Stores,Retail
Jackson Packaging LLC,322211,Corrugated and Solid Fiber Box Manufacturing,Manufacturing
CEI Certified Express Inc.,484230,"Specialized Freight (except Used Goods) Trucking, Long-Distance",Freight
Today Cartage Inc.,484110,"General Freight Trucking, Local",Freight
Studio Zewde,541310,Architectural Services,Professional Services
Greer Trucking LLc,484121,"General Freight Trucking, Long-Distance, Truckload",Freight
Stafford County Sheriff's Office,922120,Police Protection,Government
Empire National Inc,484121,"General Freight Trucking, Long-Distance, Truckload",Freight
J H ROUTH PACKING,311611,Animal (except Poultry) Slaughtering,Food
Swift Printing,323111,Commercial Printing (except Screen and Books),Manufacturing
Major Taxidermy,711510,"Independent Artists, Writers, and Performers",Professional Services
Continuum Transportation,488510,Freight Transportation Arrangement,Freight
Ford Motor Company,336111,Automobile Manufacturing,Manufacturing
FRANK BELCHER SUPPLY,423830,Industrial Machinery and Equipment Merchant Wholesalers,Wholesale
"Patriot Energy Services, Inc.",221118,Other Electric Power Generation,Energy
top road pa,484110,"General Freight Trucking, Local",Freight
TDEC,541620,Environmental Consulting Services,Professional Services
M&J Transportation Co.,484121,"General Freight Trucking, Long-Distance, Truckload",Freight
HMD Construction Group,236220,Commercial and Institutional Building Construction,Construction
Frito - Lay,311919,Other Snack Food Manufacturing,Food
Goodwill of the Heartland,624310,Vocational Rehabilitation Services,Nonprofit
ABC Warehouse,443141,Household Appliance Stores,Retail
Bush Brothers & Co.,311423,Dried and Dehydrated Food Manufacturing,Food
Albertsons,445110,Supermarkets and Other Grocery (except Convenience) Stores,Retail
Banmar Taxidermy,711510,"Independent Artists, Writers, and Performers",Professional Services
Bravo Systems Inc.,339999,All Other Miscellaneous Manufacturing,Manufacturing
"Dedicated Freight, Inc.",484121,"General Freight Trucking, Long-Distance, Truckload",Freight
MAGNOLIA FOODS,311615,Poultry Processing,Food
VSS CARREIRS,484121,"General Freight Trucking, Long-Distance, Truckload",Freight
DMX EXPRESS LLC,484121,"General Freight Trucking, Long-Distance, Truckload",Freight
Total Quality Logistics,488510,Freight Transportation Arrangement,Freight
Parktelusa,493110,General Warehousing and Storage,Storage
Dismal Swamp Taxidermy,711510,"Independent Artists, Writers, and Performers",Professional Services
Wall's Gator Farm II,112519,Other Animal Production,Farming
Procacci Brothers,424480,Fresh Fruit and Vegetable Merchant Wholesalers,Food
Kingspan,326140,Polystyrene Foam Product Manufacturing,Manufacturing
Cooksey Transportation Company LLC,484121,"General Freight Trucking, Long-Distance, Truckload",Freight
"Crane Rental Service, Inc.",532412,"Construction, Mining, and Forestry Machinery and Equipment Rental and Leasing",Professional Services
Do It Best,444130,Hardware Stores,Retail
Pepsi,312111,Soft Drink Manufacturing,Food
Reddinger taxidermy,711510,"Independent Artists, Writers, and Performers",Professional Services
Memphis PDC --- Ford Motor C0,336111,Automobile Manufacturing,Manufacturing
Cardiff School District,611110,Elementary and Secondary Schools,Education
Dusty Lane Farms LLC,111199,All Other Grain Farming,Farming
"New Era Logistics, Inc.",488510,Freight Transportation Arrangement,Freight
Hawaiian Legacy Reforestation Initiative,115310,Support Activities for Forestry,Environmental Services
US 1 Logistics,484121,"General Freight Trucking, Long-Distance, Truckload",Freight
ENCINITAS UNION SCHOOL DISTRICT,611110,Elementary and Secondary Schools,Education
COLLINS MACHINE WORKS,332710,Machine Shops,Manufacturing
Net PAC International,541613,Marketing Consulting Services,Professional Services
COLORADO INDUSTRIAL SUPPLY,423840,Industrial Supplies Merchant Wholesalers,Wholesale
Llads Ventures Inc,523930,Investment Advice,Professional Services
Hudson Valley Creamery,311513,Cheese Manufacturing,Food
Millbrook Fisheries,112511,Finfish Farming and Fish Hatcheries,Farming
DSSI,541611,Administrative Management and General Management Consulting Services,Professional Services
"Sutherland Products, Inc.",325611,Soap and Other Detergent Manufacturing,Manufacturing
Sleepy Creek Tannery,316110,Leather and Hide Tanning and Finishing,Manufacturing
Williamson Cold Storage,493120,Refrigerated Warehousing and Storage,Storage
Edmunds Foods,311999,All Other Miscellaneous Food Manufacturing,Food
Artisan Outdoor Living,561730,Landscaping Services,Professional Services
Case Farms,311615,Poultry Processing,Food
J H ROUTH PACKING,311611,Animal (except Poultry) Slaughtering,Food
DSSI,541611,Administrative Management and General Management Consulting Services,Professional Services
"MR. BRANDS, LLC",424490,Other Grocery and Related Products Merchant Wholesalers,Food
Ford Motor Company,336111,Automobile Manufacturing,Manufacturing
The Choctaw Nation of Oklahoma-Environmental,813319,Other Social Advocacy Organizations,Nonprofit
Trade International Group,424990,Other Miscellaneous Nondurable Goods Merchant Wholesalers,Wholesale
GAF,324122,Asphalt Shingle and Coating Materials Manufacturing,Manufacturing
Pepsi,312111,Soft Drink Manufacturing,Food
West Paw,339999,All Other Miscellaneous Manufacturing,Manufacturing
Toro Xpress Logistics LLC,488510,Freight Transportation Arrangement,Freight
FRANK BELCHER SUPPLY,423830,Industrial Machinery and Equipment Merchant Wholesalers,Wholesale
VSS CARREIRS,484121,"General Freight Trucking, Long-Distance, Truckload",Freight
"Frank J. Zitz & Co., Inc.",423940,"Jewelry, Watch, Precious Stone, and Precious Metal Merchant Wholesalers",Wholesale
CCG,541611,Administrative Management and General Management Consulting Services,Professional Services
Local Teamsters 707,813930,Labor Unions and Similar Labor Organizations,Nonprofit
Wincorp International,541618,Other Management Consulting Services,Professional Services
Ford Motor Company-Houston HVC,336111,Automobile Manufacturing,Manufacturing
USHYdrations,312112,Bottled Water Manufacturing,Food
Islamic Association of Collin County,813110,Religious Organizations,Nonprofit
"Kyrie Global, Inc",423490,Other Professional Equipment and Supplies Merchant Wholesalers,Wholesale
National Consolidation Services,488999,All Other Support Activities for Transportation,Freight
McLane Global,424410,General Line Grocery Merchant Wholesalers,Food
"Vienna Beef, LTD.",311611,Animal (except Poultry) Slaughtering,Food
Huntleigh USA Corporation,488119,Other Airport Operations,Transportation
BAKERY EXPRESS MID-ATLANTIC,311812,Commercial Bakeries,Food
Emmorey Transportation LLC,484121,"General Freight Trucking, Long-Distance, Truckload",Freight
The Home Depot,444110,Home Centers,Retail
INTERSTATE SUPPLIES SERVICE,423830,Industrial Machinery and Equipment Merchant Wholesalers,Wholesale
NYSCO,448190,Other Clothing Stores,Retail
Swift Printing,323111,Commercial Printing (except Screen and Books),Manufacturing
Buy Supply,423840,Industrial Supplies Merchant Wholesalers,Wholesale
"S A MEADE EXPRESS , INC.",484121,"General Freight Trucking, Long-Distance, Truckload",Freight
Genesis Intermodal,488510,Freight Transportation Arrangement,Freight
Healthcare Glendale LLC,623110,Nursing Care Facilities (Skilled Nursing Facilities),Healthcare
United Farms of Oasis,111998,All Other Miscellaneous Crop Farming,Farming
Case Farms,311615,Poultry Processing,Food
Kimberly Clark,322291,Sanitary Paper Product Manufacturing,Manufacturing
"MKW + Associates, LLC",541320,Landscape Architectural Services,Professional Services
Walmart,452319,All Other General Merchandise Stores,Retail
Johnston,452319,All Other General Merchandise Stores,Retail
PL Developments,325412,Pharmaceutical Preparation Manufacturing,Manufacturing
Neway Packaging Corporation,322211,Corrugated and Solid Fiber Box Manufacturing,Manufacturing
Millbrook Fisheries,112511,Finfish Farming and Fish Hatcheries,Farming
Sun State Nursery,111421,Nursery and Tree Production,Farming
Astra Foods,424420,Packaged Frozen Food Merchant Wholesalers,Food
TDEC,541620,Environmental Consulting Services,Professional Services
Magnolia Foods,311615,Poultry Processing,Food
NoiGi Inc,424490,Other Grocery and Related Products Merchant Wholesalers,Food
Galaxy Freight,484121,"General Freight Trucking, Long-Distance, Truckload",Freight
Pepsico,312111,Soft Drink Manufacturing,Food
Millennium Print Group,323111,Commercial Printing (except Screen and Books),Manufacturing
Unlimited Carrier,484121,"General Freight Trucking, Long-Distance, Truckload",Freight
N2 distributions,424490,Other Grocery and Related Products Merchant Wholesalers,Food
Each+Every,541613,Marketing Consulting Services,Professional Services
"Biowest USA, INC.",424690,Other Chemical and Allied Products Merchant Wholesalers,Wholesale
Booe Machinery & Salvage,423930,Recyclable Material Merchant Wholesalers,Waste Management
Clean Harbors,562910,Remediation Services,Environmental Services
Midwest Furs,424330,"Women's, Children's, and Infants' Clothing and Accessories Merchant Wholesalers",Wholesale
US Army,928110,National Security,Government
Freight Ready LLC,484121,"General Freight Trucking, Long-Distance, Truckload",Freight
PSS Distribution Services,424990,Other Miscellaneous Nondurable Goods Merchant Wholesalers,Wholesale
Company Molded Products Inc.,326199,All Other Plastics Product Manufacturing,Manufacturing
NGL Terminal Supply Company,424720,Petroleum and Petroleum Products Merchant Wholesalers (except Bulk Stations and Terminals),Energy
Willford Coo,541990,"All Other Professional, Scientific, and Technical Services",Professional Services
Case Farms,311615,Poultry Processing,Food
Harrison Poultry,311615,Poultry Processing,Food
2 Towns Cider House,312120,Breweries,Food
walls gator farm II,112519,Other Animal Production,Farming
KENTUCKY CENTRAL FILL,424210,Drugs and Druggists' Sundries Merchant Wholesalers,Healthcare
Cup Karts North America,711219,Other Spectator Sports,Entertainment
Ground Studio,541310,Architectural Services,Professional Services
FRANK BELCHER SUPPLY,423830,Industrial Machinery and Equipment Merchant Wholesalers,Wholesale
TDEC,541620,Environmental Consulting Services,Professional Services
Dolomite products,327320,Ready-Mix Concrete Manufacturing,Manufacturing
OLEM SHOE CORP,316210,Footwear Manufacturing,Manufacturing
Performance Cold Storage,493120,Refrigerated Warehousing and Storage,Storage
Alphalog Corporation,541611,Administrative Management and General Management Consulting Services,Professional Services
Bravo Systems Inc.,339999,All Other Miscellaneous Manufacturing,Manufacturing
Singh Trucklines LLC,484121,"General Freight Trucking, Long-Distance, Truckload",Freight
Jeffrey Zangari,541990,"All Other Professional, Scientific, and Technical Services",Professional Services
"D. E. Hartman Trucking, Inc.",484121,"General Freight Trucking, Long-Distance, Truckload",Freight
Nucor Steel Brandenburg,331110,Iron and Steel Mills and Ferroalloy Manufacturing,Manufacturing
FRANK BELCHER SUPPLY,423830,Industrial Machinery and Equipment Merchant Wholesalers,Wholesale
Spiegelberg,484230,"Specialized Freight (except Used Goods) Trucking, Long-Distance",Freight
KENTUCKY CENTRAL FILL,424210,Drugs and Druggists' Sundries Merchant Wholesalers,Healthcare
Cargill,311615,Poultry Processing,Food
falcon express,484110,"General Freight Trucking, Local",Freight
Performance FoodService,424410,General Line Grocery Merchant Wholesalers,Food
State of Maryland,921110,Executive Offices,Government
Windsor,453998,All Other Miscellaneous Store Retailers (except Tobacco Stores),Retail
walls gator farm II,112519,Other Animal Production,Farming
BAKERY EXPRESS MID-ATLANTIC,311812,Commercial Bakeries,Food
FRANK BELCHER SUPPLY,423830,Industrial Machinery and Equipment Merchant Wholesalers,Wholesale
KENTUCKY CENTRAL FILL,424210,Drugs and Druggists' Sundries Merchant Wholesalers,Healthcare
Superbloom,424480,Fresh Fruit and Vegetable Merchant Wholesalers,Food
walls gator farm II,112519,Other Animal Production,Farming
ETL LLC dba Oxygenics,339113,Surgical Appliance and Supplies Manufacturing,Manufacturing
Idaho Falls - Main Warehouse,493110,General Warehousing and Storage,Storage
Intermode,488510,Freight Transportation Arrangement,Freight
Austin Bin Wash LLC,812320,Drycleaning and Laundry Services (except Coin-Operated),Services
OPOTEK,334516,Analytical Laboratory Instrument Manufacturing,Manufacturing
KENTUCKY CENTRAL FILL,424210,Drugs and Druggists' Sundries Merchant Wholesalers,Healthcare
Show Me Global Logistics,488510,Freight Transportation Arrangement,Freight
Kelvin Cooperage,321920,Wood Container and Pallet Manufacturing,Manufacturing
Case Farms,311615,Poultry Processing,Food
Mantle Landscape Architecture,541320,Landscape Architectural Services,Professional Services
Chobani Idaho,311511,Fluid Milk Manufacturing,Food
Whole Cubes LLC,424490,Other Grocery and Related Products Merchant Wholesalers,Food
Minnesota Freezer Warehouse Company,493120,Refrigerated Warehousing and Storage,Storage
National Consolidation Services,488999,All Other Support Activities for Transportation,Freight
Petco,453910,Pet and Pet Supplies Stores,Retail
Jetco Delivery,484110,"General Freight Trucking, Local",Freight
KENTUCKY CENTRAL FILL,424210,Drugs and Druggists' Sundries Merchant Wholesalers,Healthcare
CAMACO,336360,Motor Vehicle Seating and Interior Trim Manufacturing,Manufacturing
Pepsi,312111,Soft Drink Manufacturing,Food
Rapid Intermodal,488510,Freight Transportation Arrangement,Freight
Beaupre Fuels,424720,Petroleum and Petroleum Products Merchant Wholesalers (except Bulk Stations and Terminals),Energy
walls gator farm II,112519,Other Animal Production,Farming
KENTUCKY CENTRAL FILL,424210,Drugs and Druggists' Sundries Merchant Wholesalers,Healthcare
BAY SHIP YACHT,336611,Ship Building and Repairing,Manufacturing
Magnolia Foods LLC,311615,Poultry Processing,Food
KENTUCKY CENTRAL FILL,424210,Drugs and Druggists' Sundries Merchant Wholesalers,Healthcare
We Ship Express,488510,Freight Transportation Arrangement,Freight
PL Developments,325412,Pharmaceutical Preparation Manufacturing,Manufacturing
"Roaring Spring Park, LLC",713990,All Other Amusement and Recreation Industries,Entertainment
WARDLEY INDUSTRIAL INC,332710,Machine Shops,Manufacturing
Clark Auction Company,531210,Offices of Real Estate Agents and Brokers,Real Estate
FRANK BELCHER SUPPLY,423830,Industrial Machinery and Equipment Merchant Wholesalers,Wholesale
Traplines North Taxidermy Services,812990,All Other Personal Services,Services
Cargill,311615,Poultry Processing,Food
Performance Cold Storage,493120,Refrigerated Warehousing and Storage,Storage
